Link,Titulo,Precio,Ruta_Foto
"link_aqui","Titulo de la propiedad","Precio","fotos/foto_1.jpg"
"https://www.argenprop.com/inmueble--18422749","ERROR: The request could not be satisfied","Consultar","Sin_Foto"
"https://www.argenprop.com/inmueble--18422750","ERROR: The request could not be satisfied","Consultar","Sin_Foto"
"https://www.argenprop.com/casa-en-venta-en-belgrano-r-6-ambientes--18881716","ERROR: The request could not be satisfied","Consultar","Sin_Foto"
"https://www.argenprop.com/casa-en-venta-en-belgrano-r-6-ambientes--18880480","ERROR: The request could not be satisfied","Consultar","Sin_Foto"
"https://www.argenprop.com/casa-en-venta-en-belgrano-r-7-ambientes--18688227","ERROR: The request could not be satisfied","Consultar","Sin_Foto"
"https://www.argenprop.com/casa-en-venta-en-belgrano-r-5-ambientes--18962901","ERROR: The request could not be satisfied","Consultar","Sin_Foto"
"https://www.argenprop.com/casa-en-venta-en-belgrano-r-6-ambientes--17928225","ERROR: The request could not be satisfied","Consultar","Sin_Foto"
"https://www.dacalbienesraices.com.ar/properties/departamento-venta-barrio-norte-ver-3999104-3999104?operaciones=1","Departamento Libertad e/ Arenales y Juncal n 1274 Piso 3 - Departamento en Venta en Barrio Norte - Dacal Bienes Ra√≠ces","Consultar","fotos/propiedad_24.jpg"
"https://www.remax.com.ar/listings/casa-venta-la-plata-5-dormitorios-cochera-pileta","Casa en venta 10 ambientes en 53 E/ 10 y 11 700, La Plata, La Plata, Buenos Aires","Consultar","Consultar","fotos/propiedad_26.jpg, fotos/propiedad_27.jpg, fotos/propiedad_28.jpg"
"https://century21.com.ar/propiedad/317581_oportunidad-casa-a-refaccionar-en-san-carlos","Venta de Casa en La Plata, La Plata, GBA Sur","Consultar","fotos/propiedad_27.jpg"
